"ID","Public Id","Category","Type","Name","Profile","Thumbnail","Portfolio","podcast","Experience","Clients","Communities","CountriesNumber","CitiesNumber","Booking","Price","Brands","Makeup","Signature","Cities","Countries","Portfolio (Item)","Vendors (Item)","Title","Created Date","Updated Date","Owner","All Vendors"
"016c281d-5dff-4007-9618-4d372998eceb","016c281d-5dff-4007-9618-4d372998eceb"," bridal and groom wear","bridal lehengas",,,,,,,,,,,,,,,,,,"/portfolio/016c281d-5dff-4007-9618-4d372998eceb",,,2025-12-13T10:52:27Z,2026-01-03T07:41:14Z,"7d59df7d-bea6-4043-8249-9e419e125de6","/all-vendors/"
"07503427-1064-4561-bbd6-ed924bdf87c5","07503427-1064-4561-bbd6-ed924bdf87c5","catering and food","wedding cakes and desserts",,,,,,,,,,,,,,,,,,"/portfolio/07503427-1064-4561-bbd6-ed924bdf87c5",,,2025-12-13T10:56:40Z,2026-01-03T07:41:14Z,"7d59df7d-bea6-4043-8249-9e419e125de6","/all-vendors/"
"0afa0eb2-3290-417a-84e3-1f0fb6c87445","0afa0eb2-3290-417a-84e3-1f0fb6c87445","decoration and decor","balloon decorators",,,,,,,,,,,,,,,,,,"/portfolio/0afa0eb2-3290-417a-84e3-1f0fb6c87445",,,2025-12-13T10:55:15Z,2026-01-03T07:41:14Z,"7d59df7d-bea6-4043-8249-9e419e125de6","/all-vendors/"
"0b854679-0dec-48f7-81a3-373eea1b729b","0b854679-0dec-48f7-81a3-373eea1b729b","invitations and gifting","trousseau packing",,,,,,,,,,,,,,,,,,"/portfolio/0b854679-0dec-48f7-81a3-373eea1b729b",,,2025-12-13T10:58:38Z,2026-01-03T07:41:14Z,"7d59df7d-bea6-4043-8249-9e419e125de6","/all-vendors/"
"0bae7543-1f78-41ec-8133-4c866e35f167","0bae7543-1f78-41ec-8133-4c866e35f167","beauty makeup and mehendi","bridal makeup artists","Geetha Rao","https://static.wixstatic.com/media/1f325e_4238c7211eb04cfabda0a2a9c5e1b029~mv2.jpg",,"wix:image://v1/7288b5_dbd3150d4c6b4214ba7001cd71cc1897~mv2.jpg/images.jpg#originWidth=275&originHeight=183,wix:image://v1/7288b5_aefcd59c737843c99df8a5cdcbf32d84~mv2.jpg/sample3.jpg#originWidth=2400&originHeight=1600","https://video.wixstatic.com/video/1f325e_5c33ab818b5346858203bd5e3abe341d/1080p/mp4/file.mp4","17+","5000+","10+",,,"06 - 12","15k","Nars,
Makeup Forever,
Armani,
Chanel,
Estée Lauder,
Mac,
Bobbi Brown,
Charlotte Tilbury,
Lancome



","Foundation











","Earthy Glam,
Smoky Luminance,
Defined & Dewy









","Karnataka,
Jaipur,
Delhi,
Rajasthan,
Mumbai,
Goa,
Hyderabad,
Chennai,
Kerala,
Punjab


","India,
Paris,
Greece,
Hongkong,
Dubai,
Sri Lanka,
Phuket,
Bali 





","/portfolio/0bae7543-1f78-41ec-8133-4c866e35f167",,,2025-12-18T13:04:58Z,2026-01-09T06:56:01Z,"faa33487-547e-4665-9f4f-820d2a886684","/all-vendors/"
"10a8e892-31ff-4706-8f6f-8ede3e16c8e8","10a8e892-31ff-4706-8f6f-8ede3e16c8e8","music and entertainment","dance performers / troupes",,,,,,,,,,,,,,,,,,"/portfolio/10a8e892-31ff-4706-8f6f-8ede3e16c8e8",,,2025-12-13T10:57:26Z,2026-01-03T07:41:14Z,"7d59df7d-bea6-4043-8249-9e419e125de6","/all-vendors/"
"11441cf9-2f16-47a4-80db-75d62059f434","11441cf9-2f16-47a4-80db-75d62059f434","venues and locations","pre-wedding shoot locations",,,,,,,,,,,,,,,,,,"/portfolio/11441cf9-2f16-47a4-80db-75d62059f434",,,2025-12-13T10:49:52Z,2026-01-03T07:41:14Z,"7d59df7d-bea6-4043-8249-9e419e125de6","/all-vendors/"
"14547c32-25b1-4b41-86ca-34f6dfd96313","14547c32-25b1-4b41-86ca-34f6dfd96313","transportation and logistics","bodyguards / security",,,,,,,,,,,,,,,,,,"/portfolio/14547c32-25b1-4b41-86ca-34f6dfd96313",,,2025-12-13T10:59:47Z,2026-01-03T07:41:14Z,"7d59df7d-bea6-4043-8249-9e419e125de6","/all-vendors/"
"18e03142-709c-4320-a05e-be4f161b86d7","ab18e03142-709c-4320-a05e-be4f161b86d7","beauty makeup and mehendi","bridal makeup artists","Aanchal Balraj","https://static.wixstatic.com/media/1f325e_07801822e35a41ccb91ec11e979644c5~mv2.jpg",,"wix:image://v1/7288b5_dbd3150d4c6b4214ba7001cd71cc1897~mv2.jpg/images.jpg#originWidth=275&originHeight=183,wix:image://v1/7288b5_aefcd59c737843c99df8a5cdcbf32d84~mv2.jpg/sample3.jpg#originWidth=2400&originHeight=1600","https://video.wixstatic.com/video/1f325e_5c33ab818b5346858203bd5e3abe341d/1080p/mp4/file.mp4","13+","2000+","07+",,,"03 - 06","30k","Hourglass,
Dior,
Nars,
Huda beauty,
Chanel,
Charlotte tilbury






","Highlighter











","Soft glam 











","Banglalore,
Hyderabad,
Chennai,
Goa,
Mysore,
Chikmaglur,
Shimoga,
Mahabalipuram




","India,
Bali











","/portfolio/ab18e03142-709c-4320-a05e-be4f161b86d7",,,2025-12-18T13:04:58Z,2026-01-07T06:45:58Z,"faa33487-547e-4665-9f4f-820d2a886684","/all-vendors/"
"1db33073-c213-4ad9-8ded-bba042b5ffdc","1db33073-c213-4ad9-8ded-bba042b5ffdc","beauty makeup and mehendi","bridal makeup artists","Neha Chinnappa","https://static.wixstatic.com/media/1f325e_f03ab9f5361b479cb5be12e945d412ae~mv2.jpg",,"wix:image://v1/7288b5_dbd3150d4c6b4214ba7001cd71cc1897~mv2.jpg/images.jpg#originWidth=275&originHeight=183,wix:image://v1/7288b5_aefcd59c737843c99df8a5cdcbf32d84~mv2.jpg/sample3.jpg#originWidth=2400&originHeight=1600","https://vimeo.com/461456109","08+","1000+","08+",,,"04 - 06","40k","Nars











","Concealers 











","Clean Radiant,
Neutral Eyes,
Healthy Flushed









","Bangalore,
Goa,
Udaipur,
Delhi,
Vizag,
Hyderabad,
Vijayawada,
Tumkur,
Mysore,
Davangere


","India,
Paris,
Venice,
Bali,
Maldives








","/portfolio/1db33073-c213-4ad9-8ded-bba042b5ffdc",,,2025-12-18T13:04:58Z,2026-01-09T06:56:37Z,"faa33487-547e-4665-9f4f-820d2a886684","/all-vendors/"
"1e3cdbc7-3a08-4265-b20c-332211cd5302","1e3cdbc7-3a08-4265-b20c-332211cd5302","catering and food","chaat and food stalls",,,,,,,,,,,,,,,,,,"/portfolio/1e3cdbc7-3a08-4265-b20c-332211cd5302",,,2025-12-13T10:56:31Z,2026-01-03T07:41:14Z,"7d59df7d-bea6-4043-8249-9e419e125de6","/all-vendors/"
"21d37597-8b01-41cf-af08-5879c442d4af","21d37597-8b01-41cf-af08-5879c442d4af","wedding planners and coordination","wedding planners","Name 1",,,,,"10+ years","1000+","10+","8+","10+","6 - 8 months","15k - 30k",,,,,,"/portfolio/21d37597-8b01-41cf-af08-5879c442d4af",,,2025-12-13T10:48:02Z,2026-01-03T07:41:14Z,"7d59df7d-bea6-4043-8249-9e419e125de6","/all-vendors/"
"245d28d4-5bf2-4c61-a6b7-2da95acceb82","245d28d4-5bf2-4c61-a6b7-2da95acceb82","bridal and groom wear","sherwanis",,,,,,,,,,,,,,,,,,"/portfolio/245d28d4-5bf2-4c61-a6b7-2da95acceb82",,,2025-12-13T10:52:38Z,2026-01-03T07:41:14Z,"7d59df7d-bea6-4043-8249-9e419e125de6","/all-vendors/"
"24e83569-8255-4ef9-ada3-275db6068680","24e83569-8255-4ef9-ada3-275db6068680","beauty makeup and mehendi","airbrush and hd makeup artists",,,,,,,,,,,,,,,,,,"/portfolio/24e83569-8255-4ef9-ada3-275db6068680",,,2025-12-13T10:51:41Z,2026-01-03T07:41:14Z,"7d59df7d-bea6-4043-8249-9e419e125de6","/all-vendors/"
"28ab8a11-50a4-4e9b-a9c1-3f6fdb5cc83a","28ab8a11-50a4-4e9b-a9c1-3f6fdb5cc83a","wedding planners and coordination","day-of coordinators","Name 21",,,,,,,,,,,,,,,,,"/portfolio/28ab8a11-50a4-4e9b-a9c1-3f6fdb5cc83a",,,2025-12-13T10:49:20Z,2026-01-03T07:41:14Z,"7d59df7d-bea6-4043-8249-9e419e125de6","/all-vendors/"
"2bbf80be-0244-40a3-a08e-bf9b49a4d506","2bbf80be-0244-40a3-a08e-bf9b49a4d506","decoration and decor","varmala concepts and stages",,,,,,,,,,,,,,,,,,"/portfolio/2bbf80be-0244-40a3-a08e-bf9b49a4d506",,,2025-12-13T10:55:27Z,2026-01-03T07:41:14Z,"7d59df7d-bea6-4043-8249-9e419e125de6","/all-vendors/"
"2f28d329-2401-4aa1-bd7c-a9db728dc7cb","2f28d329-2401-4aa1-bd7c-a9db728dc7cb","bridal grooming and wellness","dermatologists",,,,,,,,,,,,,,,,,,"/portfolio/2f28d329-2401-4aa1-bd7c-a9db728dc7cb",,,2025-12-13T11:01:28Z,2026-01-03T07:41:14Z,"7d59df7d-bea6-4043-8249-9e419e125de6","/all-vendors/"
"2ffcefab-ad37-47c6-9797-046a562ae5f0","2ffcefab-ad37-47c6-9797-046a562ae5f0","catering and food","wedding caterers
",,,,,,,,,,,,,,,,,,"/portfolio/2ffcefab-ad37-47c6-9797-046a562ae5f0",,,2025-12-13T10:55:35Z,2026-01-03T07:41:14Z,"7d59df7d-bea6-4043-8249-9e419e125de6","/all-vendors/"
"3046bdd4-c894-40b3-a65d-ff7408216ad0","3046bdd4-c894-40b3-a65d-ff7408216ad0","beauty makeup and mehendi","bridal makeup artists","Preeya","https://static.wixstatic.com/media/1f325e_59eb26e1327a4bf988118b3e8e286ceb~mv2.jpg",,"wix:image://v1/7288b5_dbd3150d4c6b4214ba7001cd71cc1897~mv2.jpg/images.jpg#originWidth=275&originHeight=183,wix:image://v1/7288b5_aefcd59c737843c99df8a5cdcbf32d84~mv2.jpg/sample3.jpg#originWidth=2400&originHeight=1600","https://vimeo.com/461456109","13+","1000+","10+",,,"06+"," 30k","Christian Dior











","Foundation











","Clean,
Elegant,
Timeless









","Bangalore,
Chennai,
Mumbai,
Jaipur








","India,
Dubai,
Srilanka,
Malaysia 









","/portfolio/3046bdd4-c894-40b3-a65d-ff7408216ad0",,,2025-12-18T13:04:58Z,2026-01-09T06:56:39Z,"faa33487-547e-4665-9f4f-820d2a886684","/all-vendors/"
"30f815c2-11fb-4821-ae1b-aa90ed5792ce","30f815c2-11fb-4821-ae1b-aa90ed5792ce","music and entertainment","musicians and soloists",,,,,,,,,,,,,,,,,,"/portfolio/30f815c2-11fb-4821-ae1b-aa90ed5792ce",,,2025-12-13T10:57:31Z,2026-01-03T07:41:14Z,"7d59df7d-bea6-4043-8249-9e419e125de6","/all-vendors/"
"32dd801e-2272-4f71-a8ad-d94f856a9194","32dd801e-2272-4f71-a8ad-d94f856a9194","invitations and gifting","wedding gifts",,,,,,,,,,,,,,,,,,"/portfolio/32dd801e-2272-4f71-a8ad-d94f856a9194",,,2025-12-13T10:58:40Z,2026-01-03T07:41:14Z,"7d59df7d-bea6-4043-8249-9e419e125de6","/all-vendors/"
"33501a08-fbc7-42ea-8b5d-2034a31f631e","33501a08-fbc7-42ea-8b5d-2034a31f631e","decoration and decor","fireworks and special effects",,,,,,,,,,,,,,,,,,"/portfolio/33501a08-fbc7-42ea-8b5d-2034a31f631e",,,2025-12-13T10:55:28Z,2026-01-03T07:41:14Z,"7d59df7d-bea6-4043-8249-9e419e125de6","/all-vendors/"
"33ef96eb-88c7-40b6-b1b3-2d72a9087a4e","33ef96eb-88c7-40b6-b1b3-2d72a9087a4e","transportation and logistics","luxury and vintage cars",,,,,,,,,,,,,,,,,,"/portfolio/33ef96eb-88c7-40b6-b1b3-2d72a9087a4e",,,2025-12-13T10:59:44Z,2026-01-03T07:41:14Z,"7d59df7d-bea6-4043-8249-9e419e125de6","/all-vendors/"
"35f06b27-dedc-4929-881d-ab7d30680b80","35f06b27-dedc-4929-881d-ab7d30680b80","pandiths and rituals","officiants and pre-marital counseling",,,,,,,,,,,,,,,,,,"/portfolio/35f06b27-dedc-4929-881d-ab7d30680b80",,,2025-12-13T11:00:28Z,2026-01-03T07:41:14Z,"7d59df7d-bea6-4043-8249-9e419e125de6","/all-vendors/"
"37ac78a1-c5b4-49e4-8ac0-f522aeee9491","37ac78a1-c5b4-49e4-8ac0-f522aeee9491","rentals and experiences","unique experiences",,,,,,,,,,,,,,,,,,"/portfolio/37ac78a1-c5b4-49e4-8ac0-f522aeee9491",,,2025-12-13T11:02:47Z,2026-01-03T07:41:14Z,"7d59df7d-bea6-4043-8249-9e419e125de6","/all-vendors/"
"37be6a53-2278-455f-86c6-942db9312a98","37be6a53-2278-455f-86c6-942db9312a98","transportation and logistics","guest transportation",,,,,,,,,,,,,,,,,,"/portfolio/37be6a53-2278-455f-86c6-942db9312a98",,,2025-12-13T10:59:46Z,2026-01-03T07:41:14Z,"7d59df7d-bea6-4043-8249-9e419e125de6","/all-vendors/"
"402c9d31-1395-4632-931e-81509209e560","402c9d31-1395-4632-931e-81509209e560","bridal grooming and wellness","bridal salons / beauty services",,,,,,,,,,,,,,,,,,"/portfolio/402c9d31-1395-4632-931e-81509209e560",,,2025-12-13T11:01:53Z,2026-01-03T07:41:14Z,"7d59df7d-bea6-4043-8249-9e419e125de6","/all-vendors/"
"422c77e3-43dd-4aab-8dcb-c3710751c412","422c77e3-43dd-4aab-8dcb-c3710751c412","beauty makeup and mehendi","party makeup artists",,,,,,,,,,,,,,,,,,"/portfolio/422c77e3-43dd-4aab-8dcb-c3710751c412",,,2025-12-13T10:51:39Z,2026-01-03T07:41:14Z,"7d59df7d-bea6-4043-8249-9e419e125de6","/all-vendors/"
"43228582-1176-4777-9dd2-9c903e05258c","aa43228582-1176-4777-9dd2-9c903e05258c","beauty makeup and mehendi","bridal makeup artists","Anush Ali","https://static.wixstatic.com/media/1f325e_85ce591d936a46ec876cca2a3fc41776~mv2.jpg",,"wix:image://v1/7288b5_dbd3150d4c6b4214ba7001cd71cc1897~mv2.jpg/images.jpg#originWidth=275&originHeight=183,wix:image://v1/7288b5_aefcd59c737843c99df8a5cdcbf32d84~mv2.jpg/sample3.jpg#originWidth=2400&originHeight=1600","https://vimeo.com/461456109","10+","1500+","10+",,,"06+","30k","Hourglass,
Nars,
Charlotte tilbury,
Christian Dior,
Giorgio Armani,
HUDA beauty,
KVD





","Concealers
Blush 










","Soft glam,
Full glam










","Karnataka,
Telangana,
Tamil Nadu,
Andhra Pradesh,
Kerala,
Maharashtra,
Goa,
Rajasthan,
West Bengal,
Delhi


","India,
UAE,
Singapore,
Germany,
Denmark,
Sweden,
KSA,
Sri Lanka





","/portfolio/aa43228582-1176-4777-9dd2-9c903e05258c",,,2025-12-18T13:04:58Z,2026-01-09T06:56:45Z,"faa33487-547e-4665-9f4f-820d2a886684","/all-vendors/"
"43a377e3-0e84-4f12-a7ef-ee04c2f32719","43a377e3-0e84-4f12-a7ef-ee04c2f32719","transportation and logistics","wedding car rentals",,,,,,,,,,,,,,,,,,"/portfolio/43a377e3-0e84-4f12-a7ef-ee04c2f32719",,,2025-12-13T10:59:23Z,2026-01-03T07:41:14Z,"7d59df7d-bea6-4043-8249-9e419e125de6","/all-vendors/"
"4702196c-63fd-4a42-88d3-eca42f3bd647","4702196c-63fd-4a42-88d3-eca42f3bd647"," bridal and groom wear","kanjeevaram / silk sarees",,,,,,,,,,,,,,,,,,"/portfolio/4702196c-63fd-4a42-88d3-eca42f3bd647",,,2025-12-13T10:52:30Z,2026-01-03T07:41:14Z,"7d59df7d-bea6-4043-8249-9e419e125de6","/all-vendors/"
"495d9e23-e2a1-4d1b-984e-528461c44374","495d9e23-e2a1-4d1b-984e-528461c44374","beauty makeup and mehendi","bridal makeup artists","Abhilasha","https://static.wixstatic.com/media/1f325e_2bb467fe049e4aecadb7f1153430856c~mv2.jpg",,"wix:image://v1/7288b5_dbd3150d4c6b4214ba7001cd71cc1897~mv2.jpg/images.jpg#originWidth=275&originHeight=183,wix:image://v1/7288b5_aefcd59c737843c99df8a5cdcbf32d84~mv2.jpg/sample3.jpg#originWidth=2400&originHeight=1600","https://vimeo.com/461456109","06+","250+","10+",,,"06 - 08","30k","Hourglass,
Nars,
Charlotte tilbury,
Christian Dior,
Giorgio Armani,
HUDA beauty,
KVD





","Mascara 











","Natural glam











","Karnataka,
Rajasthan,
Delhi,
Goa,
Mumbai,
Chennai,
kochi,
Hyderabad




","Dubai











","/portfolio/495d9e23-e2a1-4d1b-984e-528461c44374",,,2025-12-18T13:04:58Z,2026-01-06T06:43:40Z,"faa33487-547e-4665-9f4f-820d2a886684","/all-vendors/"
"49e87cc0-9cfa-43bc-9fcd-7a8bca0134e6","49e87cc0-9cfa-43bc-9fcd-7a8bca0134e6","venues and locations","reception venues",,,,,,,,,,,,,,,,,,"/portfolio/49e87cc0-9cfa-43bc-9fcd-7a8bca0134e6",,,2025-12-13T10:49:48Z,2026-01-03T07:41:14Z,"7d59df7d-bea6-4043-8249-9e419e125de6","/all-vendors/"
"4cfbdb4f-c6a8-4023-acb7-eb1ef812ca4f","4cfbdb4f-c6a8-4023-acb7-eb1ef812ca4f","bridal and groom wear","wedding gowns",,,,,,,,,,,,,,,,,,"/portfolio/4cfbdb4f-c6a8-4023-acb7-eb1ef812ca4f",,,2025-12-13T10:52:29Z,2026-01-03T07:41:14Z,"7d59df7d-bea6-4043-8249-9e419e125de6","/all-vendors/"
"4f079e56-a5a9-45f9-b8a2-a343718e8312","4f079e56-a5a9-45f9-b8a2-a343718e8312","decoration and decor","flower decorators / florists",,,,,,,,,,,,,,,,,,"/portfolio/4f079e56-a5a9-45f9-b8a2-a343718e8312",,,2025-12-13T10:55:17Z,2026-01-03T07:41:14Z,"7d59df7d-bea6-4043-8249-9e419e125de6","/all-vendors/"
"575fe105-253d-4e8f-a304-869a72ef5e32","575fe105-253d-4e8f-a304-869a72ef5e32","invitations and gifting","wedding favors and return gifts",,,,,,,,,,,,,,,,,,"/portfolio/575fe105-253d-4e8f-a304-869a72ef5e32",,,2025-12-13T10:58:37Z,2026-01-03T07:41:14Z,"7d59df7d-bea6-4043-8249-9e419e125de6","/all-vendors/"
"5a15dfd2-5c89-45b4-93db-93316a3a7890","5a15dfd2-5c89-45b4-93db-93316a3a7890","beauty makeup and mehendi","bridal makeup artists","Nikitha Reddy","https://static.wixstatic.com/media/1f325e_73900e5d86cf452f99a4d36d042b5e70~mv2.jpg",,"wix:image://v1/7288b5_dbd3150d4c6b4214ba7001cd71cc1897~mv2.jpg/images.jpg#originWidth=275&originHeight=183,wix:image://v1/7288b5_aefcd59c737843c99df8a5cdcbf32d84~mv2.jpg/sample3.jpg#originWidth=2400&originHeight=1600","https://vimeo.com/461456109","10+","1000+","10+",,,"04+","35k","Charlotte tilbury











","Moisturiser 











","Soft,
Minimalistic,
Modern,
Glam 








","Goa,
Hyderabad,
Coorg,
Chennai








","India











","/portfolio/5a15dfd2-5c89-45b4-93db-93316a3a7890",,,2025-12-18T13:04:58Z,2026-01-09T06:57:01Z,"faa33487-547e-4665-9f4f-820d2a886684","/all-vendors/"
"5d019733-c594-4a0b-b305-f3c72d931fae","5d019733-c594-4a0b-b305-f3c72d931fae"," honeymoon and travel","travel agents",,,,,,,,,,,,,,,,,,"/portfolio/5d019733-c594-4a0b-b305-f3c72d931fae",,,2025-12-13T11:01:08Z,2026-01-03T07:41:14Z,"7d59df7d-bea6-4043-8249-9e419e125de6","/all-vendors/"
"5dbbaa35-a33d-46cd-a697-eade844402a2","5dbbaa35-a33d-46cd-a697-eade844402a2"," honeymoon and travel","honeymoon planners",,,,,,,,,,,,,,,,,,"/portfolio/5dbbaa35-a33d-46cd-a697-eade844402a2",,,2025-12-13T11:00:54Z,2026-01-03T07:41:14Z,"7d59df7d-bea6-4043-8249-9e419e125de6","/all-vendors/"
"5dd50c6d-f800-4bdf-986e-f813677445d8","5dd50c6d-f800-4bdf-986e-f813677445d8","beauty makeup and mehendi","bridal makeup artists","Vejetha","https://static.wixstatic.com/media/1f325e_d1a983ee87e44944b3faf7535e45fef7~mv2.jpg",,"wix:image://v1/7288b5_dbd3150d4c6b4214ba7001cd71cc1897~mv2.jpg/images.jpg#originWidth=275&originHeight=183,wix:image://v1/7288b5_aefcd59c737843c99df8a5cdcbf32d84~mv2.jpg/sample3.jpg#originWidth=2400&originHeight=1600","https://vimeo.com/461456109","22+","5000+","10+",,,"02 - 03","30k - 45k","KVD











","Og MAC
Haus lab
Mario
Giorgio Armani
Tom ford
Hour glass






","Glowing,
Soft Sculpting,
Natural,
Seamless,
Elegant,
Modern,
Timeless





","Bangalore,
Hyderabad,
chennai,
Goa,
Bellary,
Belgaum,
chikmagalur





","India,
Dubai,
Srilanka,
Malaysia









","/portfolio/5dd50c6d-f800-4bdf-986e-f813677445d8",,,2025-12-18T13:04:58Z,2026-01-09T06:57:08Z,"faa33487-547e-4665-9f4f-820d2a886684","/all-vendors/"
"5e2abe8d-f65f-4df4-904f-1deecfabe1c8","5e2abe8d-f65f-4df4-904f-1deecfabe1c8","jewellery and accessories","imitation jewellery",,,,,,,,,,,,,,,,,,"/portfolio/5e2abe8d-f65f-4df4-904f-1deecfabe1c8",,,2025-12-13T10:54:22Z,2026-01-03T07:41:14Z,"7d59df7d-bea6-4043-8249-9e419e125de6","/all-vendors/"
"63f33a1c-f4fd-4896-a214-3c91bafe6481","63f33a1c-f4fd-4896-a214-3c91bafe6481","photography and videography","wedding photographers",,,,,,,,,,,,,,,,,,"/portfolio/63f33a1c-f4fd-4896-a214-3c91bafe6481",,,2025-12-13T10:50:16Z,2026-01-03T07:41:14Z,"7d59df7d-bea6-4043-8249-9e419e125de6","/all-vendors/"
"65847ced-dd06-44f1-a6cd-2bf813d2947b","65847ced-dd06-44f1-a6cd-2bf813d2947b","jewellery and accessories","bridal jewellery on rent",,,,,,,,,,,,,,,,,,"/portfolio/65847ced-dd06-44f1-a6cd-2bf813d2947b",,,2025-12-13T10:54:23Z,2026-01-03T07:41:14Z,"7d59df7d-bea6-4043-8249-9e419e125de6","/all-vendors/"
"6e29a887-0b21-45df-a3d2-f7659ddd2fe4","6e29a887-0b21-45df-a3d2-f7659ddd2fe4","decoration and decor","small functions and home decorators",,,,,,,,,,,,,,,,,,"/portfolio/6e29a887-0b21-45df-a3d2-f7659ddd2fe4",,,2025-12-13T10:55:22Z,2026-01-03T07:41:14Z,"7d59df7d-bea6-4043-8249-9e419e125de6","/all-vendors/"
"6ece4379-cbd3-477c-8d2e-87368ede40ed","6ece4379-cbd3-477c-8d2e-87368ede40ed","jewellery and accessories","accessories",,,,,,,,,,,,,,,,,,"/portfolio/6ece4379-cbd3-477c-8d2e-87368ede40ed",,,2025-12-13T10:54:24Z,2026-01-03T07:41:14Z,"7d59df7d-bea6-4043-8249-9e419e125de6","/all-vendors/"
"747072df-996b-484f-8630-c48169e5ebd5","747072df-996b-484f-8630-c48169e5ebd5","invitations and gifting","mehendi and sangeet favors",,,,,,,,,,,,,,,,,,"/portfolio/747072df-996b-484f-8630-c48169e5ebd5",,,2025-12-13T10:58:39Z,2026-01-03T07:41:14Z,"7d59df7d-bea6-4043-8249-9e419e125de6","/all-vendors/"
"7523791b-a425-4e03-96cb-e1e536c66663","7523791b-a425-4e03-96cb-e1e536c66663","decoration and decor","wedding decorators",,,,,,,,,,,,,,,,,,"/portfolio/7523791b-a425-4e03-96cb-e1e536c66663",,,2025-12-13T10:55:06Z,2026-01-03T07:41:14Z,"7d59df7d-bea6-4043-8249-9e419e125de6","/all-vendors/"
"773723a9-42c5-42a2-9f38-8d1d7071799f","773723a9-42c5-42a2-9f38-8d1d7071799f","jewellery and accessories","bridal jewellery",,,,,,,,,,,,,,,,,,"/portfolio/773723a9-42c5-42a2-9f38-8d1d7071799f",,,2025-12-13T10:52:46Z,2026-01-03T07:41:14Z,"7d59df7d-bea6-4043-8249-9e419e125de6","/all-vendors/"
"77e2431f-ae5f-4dac-b769-f2876a1f3a99","77e2431f-ae5f-4dac-b769-f2876a1f3a99","photography and videography","pre-wedding shoot photographers",,,,,,,,,,,,,,,,,,"/portfolio/77e2431f-ae5f-4dac-b769-f2876a1f3a99",,,2025-12-13T10:50:54Z,2026-01-03T07:41:14Z,"7d59df7d-bea6-4043-8249-9e419e125de6","/all-vendors/"
"783b1821-87bf-479c-9bd4-2a3d99ea8bb4","783b1821-87bf-479c-9bd4-2a3d99ea8bb4","bridal grooming and wellness","dentists",,,,,,,,,,,,,,,,,,"/portfolio/783b1821-87bf-479c-9bd4-2a3d99ea8bb4",,,2025-12-13T11:01:46Z,2026-01-03T07:41:14Z,"7d59df7d-bea6-4043-8249-9e419e125de6","/all-vendors/"
"7e328969-609f-488c-b029-c9d8a74ba675","7e328969-609f-488c-b029-c9d8a74ba675","rentals and experiences","wedding rentals",,,,,,,,,,,,,,,,,,"/portfolio/7e328969-609f-488c-b029-c9d8a74ba675",,,2025-12-13T11:02:45Z,2026-01-03T07:41:14Z,"7d59df7d-bea6-4043-8249-9e419e125de6","/all-vendors/"
"831175bf-80b7-4247-83df-ca0c221e38de","831175bf-80b7-4247-83df-ca0c221e38de","beauty makeup and mehendi","bridal makeup artists","Harshitha Reddy","https://static.wixstatic.com/media/1f325e_e23576f53dc245dcb89f792877530553~mv2.jpg",,"wix:image://v1/7288b5_dbd3150d4c6b4214ba7001cd71cc1897~mv2.jpg/images.jpg#originWidth=275&originHeight=183,wix:image://v1/7288b5_aefcd59c737843c99df8a5cdcbf32d84~mv2.jpg/sample3.jpg#originWidth=2400&originHeight=1600","https://vimeo.com/461456109","06+","1500+","07+",,,"06+","30k","Dior,
Charlotte tilbury,
Hauslabs,
Hourglass,
Nars,
Urban decay,
Bobbi brown,
Mac,
Natasha Denona,
Makeup forever,
Givenchy

","Blush











","Traditional look











","Karnataka,
Andrapradesh,
Tamilnadu,
Kerala








","India











","/portfolio/831175bf-80b7-4247-83df-ca0c221e38de",,,2025-12-18T13:04:58Z,2026-01-06T06:47:20Z,"faa33487-547e-4665-9f4f-820d2a886684","/all-vendors/"
"839ada40-c185-49de-819f-869864ef6fde","839ada40-c185-49de-819f-869864ef6fde","invitations and gifting","e-invites",,,,,,,,,,,,,,,,,,"/portfolio/839ada40-c185-49de-819f-869864ef6fde",,,2025-12-13T10:58:35Z,2026-01-03T07:41:14Z,"7d59df7d-bea6-4043-8249-9e419e125de6","/all-vendors/"
"85aefb21-d374-47cc-9fa6-ac51b27ac02e","85aefb21-d374-47cc-9fa6-ac51b27ac02e","beauty makeup and mehendi","bridal makeup artists","Dipanwita Chhabra","https://static.wixstatic.com/media/1f325e_ac08674c35e84bfe84ec6e8f1235e685~mv2.jpg",,"wix:image://v1/7288b5_dbd3150d4c6b4214ba7001cd71cc1897~mv2.jpg/images.jpg#originWidth=275&originHeight=183,wix:image://v1/7288b5_aefcd59c737843c99df8a5cdcbf32d84~mv2.jpg/sample3.jpg#originWidth=2400&originHeight=1600","https://vimeo.com/461456109","15+","1000+","08+",,,"04+","40k","Charlotte Tilbury,
NARS,
Huda Beauty,
MAC,
Urban Decay,
Lancôme,
Dior,
Armani,
Tarte,
Natasha Denona,
Bobbi Brown

","Blush
Loose Powders










","Timeless, 
Aesthetic, 
Soft glam









","Bangalore,
Goa,
Udaipur,
Hyderabad,
Chennai,
Coorg,
Chittoor,
Bellary




","India,
Thailand,
Greece,
Italy









","/portfolio/85aefb21-d374-47cc-9fa6-ac51b27ac02e",,,2025-12-18T13:04:58Z,2026-01-09T06:57:16Z,"faa33487-547e-4665-9f4f-820d2a886684","/all-vendors/"
"895d8bdd-ac74-400d-9aa7-82bc5f406e21","895d8bdd-ac74-400d-9aa7-82bc5f406e21","decoration and decor","photo booths",,,,,,,,,,,,,,,,,,"/portfolio/895d8bdd-ac74-400d-9aa7-82bc5f406e21",,,2025-12-13T10:55:29Z,2026-01-03T07:41:14Z,"7d59df7d-bea6-4043-8249-9e419e125de6","/all-vendors/"
"8b4a6f11-8424-4546-b814-19822105f079","8b4a6f11-8424-4546-b814-19822105f079"," bridal and groom wear","trousseau sarees",,,,,,,,,,,,,,,,,,"/portfolio/8b4a6f11-8424-4546-b814-19822105f079",,,2025-12-13T10:52:32Z,2026-01-03T07:41:14Z,"7d59df7d-bea6-4043-8249-9e419e125de6","/all-vendors/"
"8d9830da-a4eb-40b3-9eb3-b3164397d657","8d9830da-a4eb-40b3-9eb3-b3164397d657","bridal and groom wear","anarkalis and cocktail gowns",,,,,,,,,,,,,,,,,,"/portfolio/8d9830da-a4eb-40b3-9eb3-b3164397d657",,,2025-12-13T10:52:35Z,2026-01-03T07:41:14Z,"7d59df7d-bea6-4043-8249-9e419e125de6","/all-vendors/"
"90a7b6fa-ff2f-4688-9193-e76dbcdb7d27","90a7b6fa-ff2f-4688-9193-e76dbcdb7d27","music and entertainment","live bands / wedding baaja",,,,,,,,,,,,,,,,,,"/portfolio/90a7b6fa-ff2f-4688-9193-e76dbcdb7d27",,,2025-12-13T10:57:22Z,2026-01-03T07:41:14Z,"7d59df7d-bea6-4043-8249-9e419e125de6","/all-vendors/"
"91fc252e-8fcb-4ae7-87e8-76abe805f531","91fc252e-8fcb-4ae7-87e8-76abe805f531","beauty makeup and mehendi","family/guest makeup artists",,,,,,,,,,,,,,,,,,"/portfolio/91fc252e-8fcb-4ae7-87e8-76abe805f531",,,2025-12-13T10:51:38Z,2026-01-03T07:41:14Z,"7d59df7d-bea6-4043-8249-9e419e125de6","/all-vendors/"
"935a4d35-0bc0-4393-b979-cc636c0fc39a","935a4d35-0bc0-4393-b979-cc636c0fc39a","music and entertainment","sangeet choreographers",,,,,,,,,,,,,,,,,,"/portfolio/935a4d35-0bc0-4393-b979-cc636c0fc39a",,,2025-12-13T10:57:24Z,2026-01-03T07:41:14Z,"7d59df7d-bea6-4043-8249-9e419e125de6","/all-vendors/"
"9565ddfe-6791-4a9b-a580-9abcccd5fb53","9565ddfe-6791-4a9b-a580-9abcccd5fb53","beauty makeup and mehendi","mehendi artists",,,,,,,,,,,,,,,,,,"/portfolio/9565ddfe-6791-4a9b-a580-9abcccd5fb53",,,2025-12-13T10:51:42Z,2026-01-03T07:41:14Z,"7d59df7d-bea6-4043-8249-9e419e125de6","/all-vendors/"
"96842e13-c593-4836-9d6b-9a8faf167495","96842e13-c593-4836-9d6b-9a8faf167495","beauty makeup and mehendi","bridal makeup artists","Laxmi Lingaraju","https://static.wixstatic.com/media/1f325e_5a7f1bb7c0524c94b6a46df44075f833~mv2.jpg",,"wix:image://v1/7288b5_dbd3150d4c6b4214ba7001cd71cc1897~mv2.jpg/images.jpg#originWidth=275&originHeight=183,wix:image://v1/7288b5_aefcd59c737843c99df8a5cdcbf32d84~mv2.jpg/sample3.jpg#originWidth=2400&originHeight=1600","https://vimeo.com/461456109","07+","1000+","10+",,,"04 - 05","35k","Hourglass,
Nars,
Charlotte tilbury,
Christian Dior,
Giorgio Armani,
HUDA beauty,
KVD





","Mascara 











","Subtle Glam,
Modern,
Aesthetic  









","Karnataka,
Kerala,
Andra Pradash,
Tamil Nadu,
Goa,
Delhi 






","India,
Sri Lanka 











","/portfolio/96842e13-c593-4836-9d6b-9a8faf167495",,,2025-12-18T13:04:58Z,2026-01-09T06:57:24Z,"faa33487-547e-4665-9f4f-820d2a886684","/all-vendors/"
"98e66cd0-5752-46a6-a421-8a97900bc52a","98e66cd0-5752-46a6-a421-8a97900bc52a","venues and locations","wedding venues",,,,,,,,,,,,,,,,,,"/portfolio/98e66cd0-5752-46a6-a421-8a97900bc52a",,,2025-12-13T10:49:36Z,2026-01-03T07:41:14Z,"7d59df7d-bea6-4043-8249-9e419e125de6","/all-vendors/"
"99321c1b-d3a2-4d3e-95ab-ed603ec3c2bb","vnd-ygikdsf3zro","beauty makeup and mehendi","bridal makeup artists","Vendor 1","wix:image://v1/b3860a_1914955b6fbe45e09adacd591aef539f~mv2.jpg/1.jpg#originWidth=5464&originHeight=8192","wix:image://v1/171ddd_1d502f8418b64ac29a90cc516d2102eb~mv2.png/Untitled%20design.png#originWidth=19531&originHeight=8619","wix:image://v1/b3860a_4e28aa7041534724b60fd8046d740c8f~mv2.jpeg/2%20(1).jpeg#originWidth=3300&originHeight=5400,wix:image://v1/b3860a_4ce2923b9d6b44949a404857a75a18e6~mv2.jpg/2%20copy.jpg#originWidth=8382&originHeight=13716,wix:image://v1/b3860a_5493cbcfb9af405c9deb73e41f827c10~mv2.jpeg/2.jpeg#originWidth=3300&originHeight=5400","https://www.v2t.com","10+","10+","10+","5+","5+","01-03 months","15k","Nars","Nars","no makeup","Bangalore, Bangalore","India","/portfolio/vnd-ygikdsf3zro",,,2026-01-07T11:17:05Z,2026-01-08T06:06:27Z,"b3860a44-674c-4caa-a95f-365c6ccf4d79","/all-vendors/"
"9c35b2e5-63ce-4168-a0cd-a365b58687ab","9c35b2e5-63ce-4168-a0cd-a365b58687ab","bridal grooming and wellness","dietitians and nutritionists",,,,,,,,,,,,,,,,,,"/portfolio/9c35b2e5-63ce-4168-a0cd-a365b58687ab",,,2025-12-13T11:01:49Z,2026-01-03T07:41:14Z,"7d59df7d-bea6-4043-8249-9e419e125de6","/all-vendors/"
"9e5eb7a6-348d-4cdc-a08e-e884da3c9e04","9e5eb7a6-348d-4cdc-a08e-e884da3c9e04","beauty makeup and mehendi","bridal makeup artists","Makeup by Su","https://static.wixstatic.com/media/1f325e_e3d6858ed1b4408f919e4ff7ab2a4d8a~mv2.jpg",,"wix:image://v1/7288b5_dbd3150d4c6b4214ba7001cd71cc1897~mv2.jpg/images.jpg#originWidth=275&originHeight=183,wix:image://v1/7288b5_aefcd59c737843c99df8a5cdcbf32d84~mv2.jpg/sample3.jpg#originWidth=2400&originHeight=1600","https://vimeo.com/461456109","16+","2000+","08+",,,"03 - 06","30k","Hourglass,
Nars,
Charlotte tilbury,
Christian Dior,
Giorgio Armani,
HUDA beauty,
KVD





","Strobe Cream











","Natural Glow,
Traditional,
Glamour









","Bangalore,
Hyderabad,
Chennai









","India,
Thailand,
Dubai,
Sri Lanka 









","/portfolio/9e5eb7a6-348d-4cdc-a08e-e884da3c9e04",,,2025-12-18T13:04:58Z,2026-01-09T06:57:29Z,"faa33487-547e-4665-9f4f-820d2a886684","/all-vendors/"
"a25bfbbc-ecc8-49bc-a419-f446cad11632","a25bfbbc-ecc8-49bc-a419-f446cad11632","jewellery and accessories","flower jewellery",,,,,,,,,,,,,,,,,,"/portfolio/a25bfbbc-ecc8-49bc-a419-f446cad11632",,,2025-12-13T10:54:20Z,2026-01-03T07:41:14Z,"7d59df7d-bea6-4043-8249-9e419e125de6","/all-vendors/"
"a3c7d062-0e38-4252-81a0-08715f1a51b6","a3c7d062-0e38-4252-81a0-08715f1a51b6","bridal grooming and wellness","fitness coaches",,,,,,,,,,,,,,,,,,"/portfolio/a3c7d062-0e38-4252-81a0-08715f1a51b6",,,2025-12-13T11:01:52Z,2026-01-03T07:41:14Z,"7d59df7d-bea6-4043-8249-9e419e125de6","/all-vendors/"
"a621040e-52ff-40cb-b989-218b8ef5dea6","a621040e-52ff-40cb-b989-218b8ef5dea6","photography and videography","traditional videographers",,,,,,,,,,,,,,,,,,"/portfolio/a621040e-52ff-40cb-b989-218b8ef5dea6",,,2025-12-13T10:50:57Z,2026-01-03T07:41:14Z,"7d59df7d-bea6-4043-8249-9e419e125de6","/all-vendors/"
"a6b4cb03-a783-4966-8d1a-ce53e8590113","a6b4cb03-a783-4966-8d1a-ce53e8590113","beauty makeup and mehendi","bridal makeup artists","Ralph Daniels","https://static.wixstatic.com/media/1f325e_f0f8d3e7cbb94a8f9d2c1a29da8bcfcc~mv2.jpg",,"wix:image://v1/7288b5_dbd3150d4c6b4214ba7001cd71cc1897~mv2.jpg/images.jpg#originWidth=275&originHeight=183,wix:image://v1/7288b5_aefcd59c737843c99df8a5cdcbf32d84~mv2.jpg/sample3.jpg#originWidth=2400&originHeight=1600","https://vimeo.com/461456109","17+","800+","10+",,,"06+","60k","Giorgio Armani











","Hourglass bronzer
Finishing powder










","Flawless,
Minimal,
Rich,
Timeless








","Karnataka,
Jaipur,
Delhi,
Rajasthan,
Mumbai,
Goa,
Hyderabad,
Chennai,
Kerala,
Punjab


","India,
Dubai,
Istanbul,
Glasgow,
Edinburgh,
Orlando (USA),
Sri Lanka,
Thailand





","/portfolio/a6b4cb03-a783-4966-8d1a-ce53e8590113",,,2025-12-18T13:04:58Z,2026-01-09T06:57:34Z,"faa33487-547e-4665-9f4f-820d2a886684","/all-vendors/"
"a7ea4f25-35fd-4851-b642-f72eadbfe8b0","a7ea4f25-35fd-4851-b642-f72eadbfe8b0","jewellery and accessories","groom jewellery",,,,,,,,,,,,,,,,,,"/portfolio/a7ea4f25-35fd-4851-b642-f72eadbfe8b0",,,2025-12-13T10:54:18Z,2026-01-03T07:41:14Z,"7d59df7d-bea6-4043-8249-9e419e125de6","/all-vendors/"
"a978adee-1bab-46e0-8a28-85efc010c8cf","a978adee-1bab-46e0-8a28-85efc010c8cf","bridal and groom wear","sherwani on rent",,,,,,,,,,,,,,,,,,"/portfolio/a978adee-1bab-46e0-8a28-85efc010c8cf",,,2025-12-13T10:52:43Z,2026-01-03T07:41:14Z,"7d59df7d-bea6-4043-8249-9e419e125de6","/all-vendors/"
"aa7196f7-684f-470e-b85a-a8c4afc94c91","aa7196f7-684f-470e-b85a-a8c4afc94c91","bridal and groom wear","bridal lehenga on rent",,,,,,,,,,,,,,,,,,"/portfolio/aa7196f7-684f-470e-b85a-a8c4afc94c91",,,2025-12-13T10:52:37Z,2026-01-03T07:41:14Z,"7d59df7d-bea6-4043-8249-9e419e125de6","/all-vendors/"
"af283c28-54ae-4468-8a4c-96a22138cea3","af283c28-54ae-4468-8a4c-96a22138cea3","beauty makeup and mehendi","bridal makeup artists",,,,,,,,,,,,,,,,,,"/portfolio/af283c28-54ae-4468-8a4c-96a22138cea3",,,2025-12-13T10:51:26Z,2026-01-03T07:41:14Z,"7d59df7d-bea6-4043-8249-9e419e125de6","/all-vendors/"
"b405dedd-e2ef-485b-aa21-1da69c1b6be0","b405dedd-e2ef-485b-aa21-1da69c1b6be0","bridal and groom wear","wedding suits / tuxedos",,,,,,,,,,,,,,,,,,"/portfolio/b405dedd-e2ef-485b-aa21-1da69c1b6be0",,,2025-12-13T10:52:40Z,2026-01-03T07:41:14Z,"7d59df7d-bea6-4043-8249-9e419e125de6","/all-vendors/"
"b4bf3ae0-1583-4d69-af42-ae3f0e7a6529","b4bf3ae0-1583-4d69-af42-ae3f0e7a6529","decoration and decor","lighting and mandap decorators",,,,,,,,,,,,,,,,,,"/portfolio/b4bf3ae0-1583-4d69-af42-ae3f0e7a6529",,,2025-12-13T10:55:34Z,2026-01-03T07:41:14Z,"7d59df7d-bea6-4043-8249-9e419e125de6","/all-vendors/"
"b7eb122f-fcb6-41eb-8002-def3e7b9c9d9","b7eb122f-fcb6-41eb-8002-def3e7b9c9d9","bridal and groom wear","tailoring and custom designers",,,,,,,,,,,,,,,,,,"/portfolio/b7eb122f-fcb6-41eb-8002-def3e7b9c9d9",,,2025-12-13T10:52:44Z,2026-01-03T07:41:14Z,"7d59df7d-bea6-4043-8249-9e419e125de6","/all-vendors/"
"c314740b-fd6a-45f0-b5d5-78317fce441f","c314740b-fd6a-45f0-b5d5-78317fce441f","music and entertainment","ghodiwala / baaraat entertainment",,,,,,,,,,,,,,,,,,"/portfolio/c314740b-fd6a-45f0-b5d5-78317fce441f",,,2025-12-13T10:57:32Z,2026-01-03T07:41:14Z,"7d59df7d-bea6-4043-8249-9e419e125de6","/all-vendors/"
"c525336e-1cd3-47b6-b39f-8825d4aeb5ba","c525336e-1cd3-47b6-b39f-8825d4aeb5ba","photography and videography","cinematic videographers",,,,,,,,,,,,,,,,,,"/portfolio/c525336e-1cd3-47b6-b39f-8825d4aeb5ba",,,2025-12-13T10:50:56Z,2026-01-03T07:41:14Z,"7d59df7d-bea6-4043-8249-9e419e125de6","/all-vendors/"
"ccd46975-8b50-4464-bfb3-9ce2e05a21af","ccd46975-8b50-4464-bfb3-9ce2e05a21af","music and entertainment","djs",,,,,,,,,,,,,,,,,,"/portfolio/ccd46975-8b50-4464-bfb3-9ce2e05a21af",,,2025-12-13T10:57:05Z,2026-01-03T07:41:14Z,"7d59df7d-bea6-4043-8249-9e419e125de6","/all-vendors/"
"cfc725c1-d570-48a0-8bce-6e3ac21aef10","cfc725c1-d570-48a0-8bce-6e3ac21aef10","beauty makeup and mehendi","bridal makeup artists","Soulfulbeauty By Vinya","https://static.wixstatic.com/media/1f325e_cd36ae4bb87d41318eb2755554909bf5~mv2.jpg",,"wix:image://v1/7288b5_dbd3150d4c6b4214ba7001cd71cc1897~mv2.jpg/images.jpg#originWidth=275&originHeight=183,wix:image://v1/7288b5_aefcd59c737843c99df8a5cdcbf32d84~mv2.jpg/sample3.jpg#originWidth=2400&originHeight=1600","https://vimeo.com/461456109","11+","1000+","10+",,,"03 -06","30k","HUDA beauty











","Pat magrath labs 











","Minimal glam 











","Karnataka,
Indore,
Goa,
Andra Pradesh,
kerala,
Tamil Nadu






","India











","/portfolio/cfc725c1-d570-48a0-8bce-6e3ac21aef10",,,2025-12-18T13:04:58Z,2026-01-06T06:48:12Z,"faa33487-547e-4665-9f4f-820d2a886684","/all-vendors/"
"d14d16f2-89b9-4745-800e-98627f17c7cf","d14d16f2-89b9-4745-800e-98627f17c7cf","music and entertainment","anchor / emcee / hosts",,,,,,,,,,,,,,,,,,"/portfolio/d14d16f2-89b9-4745-800e-98627f17c7cf",,,2025-12-13T10:57:29Z,2026-01-03T07:41:14Z,"7d59df7d-bea6-4043-8249-9e419e125de6","/all-vendors/"
"d55b1f66-5c49-4823-9433-f878b9b07c64","d55b1f66-5c49-4823-9433-f878b9b07c64","beauty makeup and mehendi","bridal makeup artists","Kinjal Mehta","https://static.wixstatic.com/media/1f325e_f838240ce81a4bbbb72ec70a447da9ae~mv2.jpg",,"wix:image://v1/7288b5_dbd3150d4c6b4214ba7001cd71cc1897~mv2.jpg/images.jpg#originWidth=275&originHeight=183,wix:image://v1/7288b5_aefcd59c737843c99df8a5cdcbf32d84~mv2.jpg/sample3.jpg#originWidth=2400&originHeight=1600","https://vimeo.com/461456109","15+","10000+","10+",,,"03 - 06","45k","Chanel,
Gucci,
Fenty,
Nars








","YSL
Chanel
Gucci
Fenty
Nars







","Soft glam 











","Bangalore,
Hyderabad,
Chennai,
Jaipur,
Goa,
Kolkata






","India,
Sri Lanka 











","/portfolio/d55b1f66-5c49-4823-9433-f878b9b07c64",,,2025-12-18T13:04:58Z,2026-01-06T06:48:15Z,"faa33487-547e-4665-9f4f-820d2a886684","/all-vendors/"
"d5d18e85-57a6-4bf9-9638-cb08912b3031","d5d18e85-57a6-4bf9-9638-cb08912b3031","bridal grooming and wellness","hair transplant",,,,,,,,,,,,,,,,,,"/portfolio/d5d18e85-57a6-4bf9-9638-cb08912b3031",,,2025-12-13T11:01:39Z,2026-01-03T07:41:14Z,"7d59df7d-bea6-4043-8249-9e419e125de6","/all-vendors/"
"d987eb29-60f7-4238-acf4-6fb60790bbf0","d987eb29-60f7-4238-acf4-6fb60790bbf0","beauty makeup and mehendi","bridal makeup artists","Geethanjali Venkatesh","https://static.wixstatic.com/media/1f325e_98f828a98d7b49caa25d82fdf5c91b97~mv2.jpg",,"wix:image://v1/7288b5_dbd3150d4c6b4214ba7001cd71cc1897~mv2.jpg/images.jpg#originWidth=275&originHeight=183,wix:image://v1/7288b5_aefcd59c737843c99df8a5cdcbf32d84~mv2.jpg/sample3.jpg#originWidth=2400&originHeight=1600","https://vimeo.com/461456109","09+","1000+","07+",,,"04 - 06","50k","Chanel,
YSL,
Dior,
Armani beauty,
Bobbi brown,
Hourglass,
Pat Mc Grath Labs,
Nars




","Eyebrow products 











","Timeless beauty 











","Karnataka,
Goa,
Andhra Pradesh,
Tamil Nadu,
Kerala,
Rajasthan 






","India,
London











","/portfolio/d987eb29-60f7-4238-acf4-6fb60790bbf0",,,2025-12-18T13:04:58Z,2026-01-06T06:48:24Z,"faa33487-547e-4665-9f4f-820d2a886684","/all-vendors/"
"da6a99f9-abe7-47b9-8ed4-76bb74bfe18c","da6a99f9-abe7-47b9-8ed4-76bb74bfe18c","pandiths and rituals","astrologers",,,,,,,,,,,,,,,,,,"/portfolio/da6a99f9-abe7-47b9-8ed4-76bb74bfe18c",,,2025-12-13T11:00:26Z,2026-01-03T07:41:14Z,"7d59df7d-bea6-4043-8249-9e419e125de6","/all-vendors/"
"de66572a-a20d-4c14-931d-104ce1256cfc","de66572a-a20d-4c14-931d-104ce1256cfc","bridal and groom wear","kurta pyjama
",,,,,,,,,,,,,,,,,,"/portfolio/de66572a-a20d-4c14-931d-104ce1256cfc",,,2025-12-13T10:52:42Z,2026-01-03T07:41:14Z,"7d59df7d-bea6-4043-8249-9e419e125de6","/all-vendors/"
"e142b6ed-5fdd-4ae3-8ab0-7eb810c331d7","e142b6ed-5fdd-4ae3-8ab0-7eb810c331d7","photography and videography","traditional photographers",,,,,,,,,,,,,,,,,,"/portfolio/e142b6ed-5fdd-4ae3-8ab0-7eb810c331d7",,,2025-12-13T10:50:53Z,2026-01-03T07:41:14Z,"7d59df7d-bea6-4043-8249-9e419e125de6","/all-vendors/"
"e29fc345-029c-4e81-b9a7-3a1f47ac319f","e29fc345-029c-4e81-b9a7-3a1f47ac319f","catering and food","bartender and bar services",,,,,,,,,,,,,,,,,,"/portfolio/e29fc345-029c-4e81-b9a7-3a1f47ac319f",,,2025-12-13T10:56:42Z,2026-01-03T07:41:14Z,"7d59df7d-bea6-4043-8249-9e419e125de6","/all-vendors/"
"ed992ed8-e314-407f-b169-cbf0fc6a40a6","ed992ed8-e314-407f-b169-cbf0fc6a40a6","photography and videography","candid photographers",,,,,,,,,,,,,,,,,,"/portfolio/ed992ed8-e314-407f-b169-cbf0fc6a40a6",,,2025-12-13T10:50:51Z,2026-01-03T07:41:14Z,"7d59df7d-bea6-4043-8249-9e419e125de6","/all-vendors/"
"ef0571f1-e51a-4cab-b752-0e774101875d","ef0571f1-e51a-4cab-b752-0e774101875d","others","background verification services",,,,,,,,,,,,,,,,,,"/portfolio/ef0571f1-e51a-4cab-b752-0e774101875d",,,2025-12-13T11:03:17Z,2026-01-03T07:41:14Z,"7d59df7d-bea6-4043-8249-9e419e125de6","/all-vendors/"
"ef446701-1622-41c3-88d1-cfcbea0b31fa","ef446701-1622-41c3-88d1-cfcbea0b31fa","pandiths and rituals","wedding pandits / priests
",,,,,,,,,,,,,,,,,,"/portfolio/ef446701-1622-41c3-88d1-cfcbea0b31fa",,,2025-12-13T11:00:15Z,2026-01-03T07:41:14Z,"7d59df7d-bea6-4043-8249-9e419e125de6","/all-vendors/"
"f323f380-29ba-4acd-9ec1-2043e64f7d59","f323f380-29ba-4acd-9ec1-2043e64f7d59","wedding planners and coordination","virtual wedding planning","Name 20",,,,,,,,,,,,,,,,,"/portfolio/f323f380-29ba-4acd-9ec1-2043e64f7d59",,,2025-12-13T10:49:15Z,2026-01-03T07:41:14Z,"7d59df7d-bea6-4043-8249-9e419e125de6","/all-vendors/"
"f66b91d1-f17f-4409-85fd-d3763f080f73","f66b91d1-f17f-4409-85fd-d3763f080f73","rentals and experiences","furniture and prop rentals",,,,,,,,,,,,,,,,,,"/portfolio/f66b91d1-f17f-4409-85fd-d3763f080f73",,,2025-12-13T11:01:54Z,2026-01-03T07:41:14Z,"7d59df7d-bea6-4043-8249-9e419e125de6","/all-vendors/"
"f7860fd5-1628-432b-b7ae-a55f129db7ae","f7860fd5-1628-432b-b7ae-a55f129db7ae","invitations and gifting","physical invitation cards
",,,,,,,,,,,,,,,,,,"/portfolio/f7860fd5-1628-432b-b7ae-a55f129db7ae",,,2025-12-13T10:58:23Z,2026-01-03T07:41:14Z,"7d59df7d-bea6-4043-8249-9e419e125de6","/all-vendors/"
